<?xml version="1.0" encoding="UTF-8"?>
<project-private xmlns="http://www.netbeans.org/ns/project-private/1">
    <editor-bookmarks xmlns="http://www.netbeans.org/ns/editor-bookmarks/2" lastBookmarkId="0"/>
    <open-files xmlns="http://www.netbeans.org/ns/projectui-open-files/2">
        <group>
            <file>file:/C:/Users/jmmt/Documents/Proyecto-Ventas-ImportacionesLC/src/productos/FormProductos.java</file>
            <file>file:/C:/Users/jmmt/Documents/Proyecto-Ventas-ImportacionesLC/src/clientes/FormClientes.java</file>
            <file>file:/C:/Users/jmmt/Documents/Proyecto-Ventas-ImportacionesLC/src/clientes/Cliente.java</file>
            <file>file:/C:/Users/jmmt/Documents/Proyecto-Ventas-ImportacionesLC/src/productos/Producto.java</file>
            <file>file:/C:/Users/jmmt/Documents/Proyecto-Ventas-ImportacionesLC/src/clientes/ClienteDAO.java</file>
            <file>file:/C:/Users/jmmt/Documents/Proyecto-Ventas-ImportacionesLC/src/trabajadores/ModalClienteM.java</file>
            <file>file:/C:/Users/jmmt/Documents/Proyecto-Ventas-ImportacionesLC/src/productos/ProductoDAO.java</file>
            <file>file:/C:/Users/jmmt/Documents/Proyecto-Ventas-ImportacionesLC/src/productos/ModalProductoM.java</file>
            <file>file:/C:/Users/jmmt/Documents/Proyecto-Ventas-ImportacionesLC/src/trabajadores/FormTrabajadores.java</file>
        </group>
    </open-files>
</project-private>
